"","Min.","1%","5%","Median","Mean"
"DCR",0.285326221190032,0.740180761250045,1.29999752010258,2.87866455203124,2.993265210507
"NNDR",0.246707757976831,0.545262619571039,0.727370328324944,0.943564710618415,0.913440539533864
"DUPI",NA,NA,NA,NA,0.51172280753821
