"","Total_Expenditure","Consumption_expenditure","Non_consumption_expenditure"
"Original",3677226.20002968,2715876.21286541,961349.987164268
"Synthetic",3722440.93611812,2757270.01906811,965170.917050007
